<?xml version="1.0" ?><testscenario><config><ipaddress>192.168.1.53</ipaddress><username>marcin</username><password>marcin</password><loginprompt>debian login:</loginprompt><passprompt>Password:</passprompt><regularprompt>@debian:~$</regularprompt></config><commands><command><send>touch newfile</send><exp></exp><soe>False</soe></command><command><send>ls -la newfile</send><exp>-rw-r--r--</exp><soe>False</soe></command><command><send>chmod 755 newfile</send><exp></exp><soe>False</soe></command><command><send>ls -la newfile</send><exp>-rwxr-xr-x</exp><soe>True</soe></command><command><send>mv newfile newfile2</send><exp></exp><soe>False</soe></command><command><send>ls -la newfile2</send><exp>-rwxr-xr-x</exp><soe>True</soe></command></commands></testscenario>